timestamp,level,service,message
2026-01-28T09:24:09.960294,INFO,payment,Request OK
2026-01-28T09:24:10.161802,WARN,payment,Cache hit
2026-01-28T09:24:10.362897,INFO,auth,Cache hit
2026-01-28T09:24:10.564048,INFO,search,User login
2026-01-28T09:24:10.764844,ERROR,search,DB failure
2026-01-28T09:24:10.966142,INFO,search,Cache hit
2026-01-28T09:24:11.167280,INFO,auth,User login
2026-01-28T09:24:11.368360,INFO,search,Request OK
2026-01-28T09:24:11.569271,INFO,orders,Cache hit
2026-01-28T09:24:11.770458,INFO,orders,Request OK
2026-01-28T09:24:11.972326,INFO,orders,Cache hit
2026-01-28T09:24:12.173515,INFO,orders,Cache hit
2026-01-28T09:24:12.377368,INFO,orders,Request OK
2026-01-28T09:24:12.578500,INFO,auth,User login
2026-01-28T09:24:12.780117,WARN,orders,User login
2026-01-28T09:24:12.981697,ERROR,auth,Timeout
2026-01-28T09:24:13.182296,INFO,payment,User login
2026-01-28T09:24:13.383588,INFO,orders,User login
2026-01-28T09:24:13.584564,INFO,payment,Cache hit
2026-01-28T09:24:13.786433,INFO,search,Cache hit
2026-01-28T09:24:13.987619,WARN,payment,Cache hit
2026-01-28T09:24:14.189066,INFO,auth,Cache hit
2026-01-28T09:24:14.391323,INFO,payment,User login
2026-01-28T09:24:14.592778,INFO,payment,User login
2026-01-28T09:24:14.794365,WARN,payment,User login
2026-01-28T09:24:14.995532,INFO,auth,Cache hit
2026-01-28T09:24:15.196643,INFO,auth,Request OK
2026-01-28T09:24:15.397955,INFO,auth,User login
2026-01-28T09:24:15.599116,INFO,search,User login
2026-01-28T09:24:15.800646,INFO,payment,Request OK
2026-01-28T09:24:16.002685,INFO,search,Request OK
2026-01-28T09:24:16.203871,INFO,orders,User login
2026-01-28T09:24:16.406084,INFO,search,User login
2026-01-28T09:24:16.609565,INFO,auth,Request OK
2026-01-28T09:24:16.812288,INFO,search,Request OK
2026-01-28T09:24:17.013226,INFO,payment,User login
2026-01-28T09:24:17.214207,INFO,auth,Request OK
2026-01-28T09:24:17.415206,INFO,auth,Cache hit
2026-01-28T09:24:17.615973,INFO,orders,User login
2026-01-28T09:24:17.816937,INFO,payment,Request OK
2026-01-28T09:24:18.017969,INFO,payment,User login
2026-01-28T09:24:18.218691,INFO,search,Request OK
2026-01-28T09:24:18.419485,WARN,auth,Request OK
2026-01-28T09:24:18.620186,INFO,orders,User login
2026-01-28T09:24:18.821122,WARN,payment,User login
2026-01-28T09:24:19.022317,WARN,payment,Request OK
2026-01-28T09:24:19.223004,INFO,auth,User login
2026-01-28T09:24:19.424645,INFO,search,Cache hit
2026-01-28T09:24:19.626731,ERROR,auth,DB failure
2026-01-28T09:24:19.827851,INFO,search,Cache hit
2026-01-28T09:24:20.029161,INFO,search,Cache hit
2026-01-28T09:24:20.229773,INFO,orders,User login
2026-01-28T09:24:20.430739,INFO,orders,Request OK
2026-01-28T09:24:20.631885,WARN,search,User login
2026-01-28T09:24:20.833627,INFO,payment,Cache hit
2026-01-28T09:24:21.034282,INFO,orders,User login
2026-01-28T09:24:21.235069,INFO,orders,Request OK
2026-01-28T09:24:21.435846,INFO,auth,Request OK
2026-01-28T09:24:21.636647,WARN,auth,Request OK
2026-01-28T09:24:21.837788,WARN,orders,Request OK
2026-01-28T09:24:22.038938,INFO,search,Cache hit
2026-01-28T09:24:22.240249,INFO,auth,Cache hit
2026-01-28T09:24:22.441471,INFO,auth,Cache hit
2026-01-28T09:24:22.643046,INFO,search,Cache hit
2026-01-28T09:24:22.844269,INFO,orders,Request OK
2026-01-28T09:24:23.045415,INFO,payment,Request OK
2026-01-28T09:24:23.246493,ERROR,orders,Timeout
2026-01-28T09:24:23.447511,INFO,payment,Request OK
2026-01-28T09:24:23.648601,INFO,auth,Request OK
2026-01-28T09:24:23.849876,INFO,auth,User login
2026-01-28T09:24:24.050461,INFO,auth,Cache hit
2026-01-28T09:24:24.251185,INFO,payment,User login
2026-01-28T09:24:24.451911,WARN,orders,Request OK
2026-01-28T09:24:24.652573,INFO,auth,User login
2026-01-28T09:24:24.853689,INFO,payment,User login
2026-01-28T09:24:25.055173,INFO,search,User login
2026-01-28T09:24:25.255864,INFO,payment,Request OK
2026-01-28T09:24:25.456866,ERROR,payment,Timeout
2026-01-28T09:24:25.659003,INFO,search,Request OK
2026-01-28T09:24:25.860549,INFO,orders,Request OK
2026-01-28T09:24:26.061902,INFO,auth,Request OK
2026-01-28T09:24:26.263082,ERROR,orders,Null pointer
2026-01-28T09:24:26.464024,INFO,orders,Cache hit
2026-01-28T09:24:26.665464,INFO,payment,Cache hit
2026-01-28T09:24:26.866760,INFO,payment,User login
2026-01-28T09:24:27.068577,ERROR,orders,Null pointer
2026-01-28T09:24:27.269763,ERROR,orders,Null pointer
2026-01-28T09:24:27.471273,INFO,auth,User login
2026-01-28T09:24:27.672574,INFO,search,Request OK
2026-01-28T09:24:27.873831,INFO,payment,Request OK
2026-01-28T09:24:28.074521,INFO,search,User login
2026-01-28T09:24:28.275297,INFO,payment,User login
2026-01-28T09:24:28.476539,ERROR,payment,DB failure
2026-01-28T09:24:28.678235,INFO,orders,Request OK
2026-01-28T09:24:28.879541,INFO,search,User login
2026-01-28T09:24:29.081011,ERROR,payment,Timeout
2026-01-28T09:24:29.282413,INFO,auth,Request OK
2026-01-28T09:24:29.483290,INFO,payment,User login
2026-01-28T09:24:29.684761,INFO,auth,User login
2026-01-28T09:24:29.886477,INFO,search,User login
2026-01-28T09:24:30.087682,INFO,payment,User login
2026-01-28T09:24:30.289353,INFO,auth,Cache hit
2026-01-28T09:24:30.490060,INFO,auth,Cache hit
2026-01-28T09:24:30.690676,WARN,search,Request OK
2026-01-28T09:24:30.891278,INFO,payment,Request OK
2026-01-28T09:24:31.091978,INFO,orders,Cache hit
2026-01-28T09:24:31.292727,INFO,auth,Cache hit
2026-01-28T09:24:31.493582,INFO,payment,User login
2026-01-28T09:24:31.694491,INFO,search,Cache hit
2026-01-28T09:24:31.896125,INFO,auth,User login
2026-01-28T09:24:32.098717,INFO,auth,Cache hit
2026-01-28T09:24:32.299845,ERROR,search,Timeout
2026-01-28T09:24:32.500887,ERROR,payment,Timeout
2026-01-28T09:24:32.701894,INFO,search,User login
2026-01-28T09:24:32.902794,INFO,search,Cache hit
2026-01-28T09:24:33.103985,INFO,search,Cache hit
2026-01-28T09:24:33.306170,INFO,auth,Request OK
2026-01-28T09:24:33.507384,INFO,payment,User login
2026-01-28T09:24:33.707960,INFO,orders,Request OK
2026-01-28T09:24:33.908641,WARN,payment,Request OK
2026-01-28T09:24:34.109791,ERROR,auth,Timeout
2026-01-28T09:24:34.311096,INFO,payment,Request OK
2026-01-28T09:24:34.511851,INFO,auth,User login
2026-01-28T09:24:34.713777,WARN,auth,Request OK
2026-01-28T09:24:34.915083,ERROR,search,Null pointer
2026-01-28T09:24:35.116740,INFO,auth,Cache hit
2026-01-28T09:24:35.318269,INFO,auth,Cache hit
2026-01-28T09:24:35.519087,INFO,auth,Request OK
2026-01-28T09:24:35.721162,INFO,orders,Cache hit
2026-01-28T09:24:35.923347,INFO,orders,Request OK
2026-01-28T09:24:36.124553,INFO,search,User login
2026-01-28T09:24:36.325154,INFO,orders,User login
2026-01-28T09:24:36.525732,INFO,orders,User login
2026-01-28T09:24:36.726461,INFO,orders,Cache hit
2026-01-28T09:24:36.928148,WARN,auth,User login
2026-01-28T09:24:37.129759,INFO,auth,Cache hit
2026-01-28T09:24:37.331215,INFO,payment,Cache hit
2026-01-28T09:24:37.533295,INFO,orders,Request OK
2026-01-28T09:24:37.734479,INFO,orders,Request OK
2026-01-28T09:24:37.935244,INFO,orders,User login
2026-01-28T09:24:38.136796,INFO,payment,User login
2026-01-28T09:24:38.338250,INFO,auth,Request OK
2026-01-28T09:24:38.539780,INFO,search,User login
2026-01-28T09:24:38.742338,INFO,orders,Cache hit
2026-01-28T09:24:38.951458,INFO,payment,Cache hit
2026-01-28T09:24:39.152078,INFO,orders,Cache hit
2026-01-28T09:24:39.352964,INFO,orders,Cache hit
2026-01-28T09:24:39.553870,INFO,orders,Request OK
2026-01-28T09:24:39.754706,INFO,orders,Cache hit
2026-01-28T09:24:39.955598,INFO,orders,Cache hit
2026-01-28T09:24:40.157300,INFO,auth,User login
2026-01-28T09:24:40.358211,INFO,payment,User login
2026-01-28T09:24:40.558959,INFO,orders,User login
2026-01-28T09:24:40.759768,INFO,orders,Request OK
2026-01-28T09:24:40.960567,INFO,auth,Cache hit
2026-01-28T09:24:41.161205,INFO,orders,User login
2026-01-28T09:24:41.361821,INFO,orders,Request OK
2026-01-28T09:24:41.562543,INFO,search,Request OK
2026-01-28T09:24:41.763212,INFO,payment,User login
2026-01-28T09:24:41.963988,INFO,payment,Cache hit
2026-01-28T09:24:42.165182,INFO,payment,Request OK
2026-01-28T09:24:42.366242,INFO,auth,Cache hit
2026-01-28T09:24:42.567870,WARN,payment,User login
2026-01-28T09:24:42.769519,INFO,auth,User login
2026-01-28T09:24:42.970965,INFO,auth,Request OK
2026-01-28T09:24:43.171754,INFO,payment,User login
2026-01-28T09:24:43.372945,INFO,orders,Request OK
2026-01-28T09:24:43.573851,INFO,search,Request OK
2026-01-28T09:24:43.775632,INFO,payment,User login
2026-01-28T09:24:43.976579,INFO,payment,Cache hit
2026-01-28T09:24:44.177189,INFO,payment,Request OK
2026-01-28T09:24:44.377867,INFO,payment,Request OK
2026-01-28T09:24:44.579448,ERROR,search,Null pointer
2026-01-28T09:24:44.781084,INFO,payment,Request OK
2026-01-28T09:24:44.997086,INFO,payment,Cache hit
2026-01-28T09:24:45.197950,INFO,payment,Request OK
2026-01-28T09:24:45.398689,INFO,search,User login
2026-01-28T09:24:45.599380,INFO,auth,User login
2026-01-28T09:24:45.800247,INFO,search,Request OK
2026-01-28T09:24:46.002023,INFO,payment,Request OK
2026-01-28T09:24:46.204719,INFO,search,Request OK
2026-01-28T09:24:46.406064,INFO,search,Request OK
2026-01-28T09:24:46.606659,INFO,search,Request OK
2026-01-28T09:24:46.807502,ERROR,search,DB failure
2026-01-28T09:24:47.008458,INFO,search,User login
2026-01-28T09:24:47.210042,INFO,auth,Cache hit
2026-01-28T09:24:47.411550,INFO,search,Request OK
2026-01-28T09:24:47.613187,INFO,search,User login
2026-01-28T09:24:47.813664,INFO,search,Cache hit
2026-01-28T09:24:48.041523,INFO,orders,Cache hit
2026-01-28T09:24:48.242937,INFO,orders,User login
2026-01-28T09:24:48.443533,INFO,search,Request OK
2026-01-28T09:24:48.644143,INFO,auth,Request OK
2026-01-28T09:24:48.845291,INFO,orders,Cache hit
2026-01-28T09:24:49.046281,WARN,auth,Cache hit
2026-01-28T09:24:49.247027,INFO,payment,User login
2026-01-28T09:24:49.448962,WARN,search,Cache hit
2026-01-28T09:24:49.649985,INFO,payment,User login
2026-01-28T09:24:49.850906,INFO,payment,User login
2026-01-28T09:24:50.051652,INFO,payment,Cache hit
2026-01-28T09:24:50.253697,INFO,search,Request OK
2026-01-28T09:24:50.455137,INFO,orders,Request OK
2026-01-28T09:24:50.656179,INFO,orders,User login
2026-01-28T09:24:50.856925,INFO,search,Cache hit
2026-01-28T09:24:51.058064,WARN,payment,Request OK
2026-01-28T09:24:51.258944,WARN,orders,User login
2026-01-28T09:24:51.460219,INFO,auth,Request OK
2026-01-28T09:24:51.661737,WARN,auth,User login
2026-01-28T09:24:51.863117,ERROR,search,DB failure
2026-01-28T09:24:52.064890,INFO,orders,Request OK
2026-01-28T09:24:52.266076,INFO,payment,User login
2026-01-28T09:24:52.467966,INFO,search,Cache hit
2026-01-28T09:24:52.669472,INFO,payment,Request OK
2026-01-28T09:24:52.870726,INFO,orders,Cache hit
2026-01-28T09:24:53.071669,INFO,orders,Cache hit
2026-01-28T09:24:53.272435,INFO,orders,User login
2026-01-28T09:24:53.473153,WARN,payment,Cache hit
